studyID,esID,dint,vi,YofPub,group.name,cont.type,time,treatments,cf.timely,ssci,setting,ed.level,Age,profic,motivation,Ss.aware,random.grp,equiv.grp,rel.inter,rel.intra,genre,sourced,timed,Location,Length,instruction,graded,acc.measure,cf.training,error.type,cf.scope,cf.type,error.key,cf.provider,cf.revision,cf.oral,post_id,outcome_id,n_outcome
Al.Ahm_Al.Jar,1,0.5337337310501824,0.18401803460250435,2015,NA,1,1,2,1,0,2,2,2,1,99,99,0,0,1,0,5,0,1,0,99,1,99,1,99,3,2,0,88,0,0,0,1,1,1
Al.Ahm_Al.Jar,2,0.2961165992396652,0.16928859785404643,2015,NA,1,1,2,1,0,2,2,2,1,99,99,0,0,1,0,5,0,1,0,99,1,99,1,99,3,2,8,88,0,0,1,1,1,1
Al.Ahm_Al.Jar,3,-0.15538637100142305,0.18257048204912818,2015,NA,1,4,2,1,0,2,2,2,1,99,99,0,0,1,0,5,0,1,0,99,1,99,1,99,3,2,0,88,0,0,0,2,1,1
Al.Ahm_Al.Jar,4,0.1310153344033681,0.19938941715602237,2015,NA,1,4,2,1,0,2,2,2,1,99,99,0,0,1,0,5,0,1,0,99,1,99,1,99,3,2,8,88,0,0,1,2,1,1
Al_Ajmi,5,3.4442268179651183,0.2972672223583448,2015,NA,1,1,2,0,0,2,2,2,1,99,99,0,1,1,0,6,0,99,99,0,99,99,4,99,2,2,8,88,0,99,1,1,1,1
Al_Ajmi,6,4.376457432982212,0.5181753291192867,2015,NA,1,2,2,0,0,2,2,2,1,99,99,0,1,1,0,6,0,99,99,0,99,99,4,99,2,2,8,88,0,99,1,2,1,1
Bitc_Knch_a,7,0.8740107380022966,0.1378058368063456,2008,NA,0,1,1,1,1,1,2,2,1,99,1,0,1,1,0,5,0,1,0,99,99,99,1,99,1,2,8,88,99,2,1,1,1,1
Bitc_Knch_a,8,1.2853969517056547,0.16268095376045183,2008,NA,0,1,1,1,1,1,2,2,1,99,1,0,1,1,0,5,0,1,0,99,99,99,1,99,1,2,8,88,99,2,0,1,1,1
Bitc_Knch_a,9,1.3816043075105007,0.1581412113920027,2008,NA,0,1,1,1,1,1,2,2,1,99,1,0,1,1,0,5,0,1,0,99,99,99,1,99,1,2,0,88,99,2,0,1,1,1
Bitc_Knch_a,10,0.3954439071950804,0.14478618496965184,2008,NA,0,4,1,1,1,1,2,2,1,99,1,0,1,1,0,5,0,1,0,99,99,99,1,99,1,2,8,88,99,2,1,2,1,1
Bitc_Knch_a,11,0.6841215446138499,0.1594432913158299,2008,NA,0,4,1,1,1,1,2,2,1,99,1,0,1,1,0,5,0,1,0,99,99,99,1,99,1,2,8,88,99,2,0,2,1,1
Bitc_Knch_a,12,0.8404898040638281,0.16000489974614876,2008,NA,0,4,1,1,1,1,2,2,1,99,1,0,1,1,0,5,0,1,0,99,99,99,1,99,1,2,0,88,99,2,0,2,1,1
Bitc_Knch_b,13,0.6852566791115671,0.19787129733799808,2010,NA,0,1,1,1,1,1,2,2,2,2,1,0,1,1,0,5,0,1,0,99,0,99,1,99,1,2,3,88,99,2,0,1,1,1
Bitc_Knch_b,14,0.2844568970678067,0.1232682651801828,2010,NA,0,1,1,1,1,1,2,2,2,2,1,0,1,1,0,5,0,1,0,99,0,99,1,99,1,2,1,88,99,2,0,1,1,1
Bitc_Knch_b,15,0.9329020388086265,0.22140674046804382,2010,NA,0,1,1,1,1,1,2,2,2,2,1,0,1,1,0,5,0,1,0,99,0,99,1,99,1,2,3,88,99,2,1,1,1,1
Bitc_Knch_b,16,0.7230505480099867,0.19753209967178453,2010,NA,0,4,1,1,1,1,2,2,2,2,1,0,1,1,0,5,0,1,0,99,0,99,1,99,1,2,3,88,99,2,0,2,1,1
Bitc_Knch_b,17,0.2600379725204191,0.12219492571976115,2010,NA,0,4,1,1,1,1,2,2,2,2,1,0,1,1,0,5,0,1,0,99,0,99,1,99,1,2,1,88,99,2,0,2,1,1
Bitc_Knch_b,18,1.075747787680539,0.2329948376000862,2010,NA,0,4,1,1,1,1,2,2,2,2,1,0,1,1,0,5,0,1,0,99,0,99,1,99,1,2,3,88,99,2,1,2,1,1
Bitc_Knch_c,19,2.2358004887215817,0.4892461380419725,2010,NA,0,1,1,1,1,1,2,2,1,99,1,1,1,1,0,5,0,1,0,99,1,99,1,0,1,2,8,88,99,0,1,1,1,1
Bitc_Knch_c,20,1.2856505005234031,0.29269709017683276,2010,NA,0,1,1,1,1,1,2,2,1,99,1,1,1,1,0,5,0,1,0,99,0,99,1,0,1,2,8,88,99,0,0,1,1,1
Bitc_Knch_c,21,0.7416194176470718,0.21973921916197378,2010,NA,0,1,1,1,1,1,2,2,1,99,1,1,1,1,0,5,0,1,0,99,0,99,1,0,1,2,0,88,99,0,0,1,1,1
Bitc_Knch_c,22,1.774779307643866,0.2790777555421883,2010,NA,0,4,1,1,1,1,2,2,1,99,1,1,1,1,0,5,0,1,0,99,1,99,1,0,1,2,8,88,99,0,1,2,1,1
Bitc_Knch_c,23,1.5274992935786356,0.2436834523024073,2010,NA,0,4,1,1,1,1,2,2,1,99,1,1,1,1,0,5,0,1,0,99,0,99,1,0,1,2,8,88,99,0,0,2,1,1
Bitc_Knch_c,24,1.3294902664391322,0.2196347820659592,2010,NA,0,4,1,1,1,1,2,2,1,99,1,1,1,1,0,5,0,1,0,99,0,99,1,0,1,2,0,88,99,0,0,2,1,1
Bitc_Knch_c,25,1.7495243758989092,0.326825891010503,2010,NA,0,4,1,1,1,1,2,2,1,99,1,1,1,1,0,5,0,1,0,99,1,99,1,0,1,2,8,88,99,0,1,3,1,1
Bitc_Knch_c,26,1.4025309810193178,0.26915099102465184,2010,NA,0,4,1,1,1,1,2,2,1,99,1,1,1,1,0,5,0,1,0,99,0,99,1,0,1,2,8,88,99,0,0,3,1,1
Bitc_Knch_c,27,0.9319114404155258,0.20966380780655186,2010,NA,0,4,1,1,1,1,2,2,1,99,1,1,1,1,0,5,0,1,0,99,0,99,1,0,1,2,0,88,99,0,0,3,1,1
Bitc_Knch_c,28,2.5361717556847276,0.44854158168545605,2010,NA,0,4,1,1,1,1,2,2,1,99,1,1,1,1,0,5,0,1,0,99,1,99,1,0,1,2,8,88,99,0,1,4,1,1
Bitc_Knch_c,29,1.9821143517420339,0.33081474457710247,2010,NA,0,4,1,1,1,1,2,2,1,99,1,1,1,1,0,5,0,1,0,99,0,99,1,0,1,2,8,88,99,0,0,4,1,1
Bitc_Knch_c,30,1.316569345095978,0.22892237178833186,2010,NA,0,4,1,1,1,1,2,2,1,99,1,1,1,1,0,5,0,1,0,99,0,99,1,0,1,2,0,88,99,0,0,4,1,1
Bitc_Yng_Cmrn,31,0.6592804044565319,0.11858792056831996,2005,NA,1,3,3,99,1,1,3,2,1,99,99,0,99,1,0,6,0,1,0,2,2,1,1,99,2,1,8,88,1,99,1,1,1,3
Bitc_Yng_Cmrn,32,-0.49357928745492424,0.14461822087132928,2005,NA,1,3,3,99,1,1,3,2,1,99,99,0,99,1,0,6,0,1,0,2,2,1,1,99,2,1,0,88,1,99,0,1,1,3
Bitc_Yng_Cmrn,33,-0.5156585883529109,0.12026242360839234,2005,NA,1,3,3,99,1,1,3,2,1,99,99,0,99,1,0,6,0,1,0,2,2,1,1,99,3,1,8,88,1,99,1,1,2,3
Bitc_Yng_Cmrn,34,-0.697550641162445,0.1278013048911932,2005,NA,1,3,3,99,1,1,3,2,1,99,99,0,99,1,0,6,0,1,0,2,2,1,1,99,3,1,0,88,1,99,0,1,2,3
Bitc_Yng_Cmrn,35,0.9476398616150203,0.12756007986434592,2005,NA,1,3,3,99,1,1,3,2,1,99,99,0,99,1,0,6,0,1,0,2,2,1,1,99,1,1,8,88,1,99,1,1,3,3
Bitc_Yng_Cmrn,36,0.01102996855602456,0.12361331152717084,2005,NA,1,3,3,99,1,1,3,2,1,99,99,0,99,1,0,6,0,1,0,2,2,1,1,99,1,1,0,88,1,99,0,1,3,3
Bonilla.etal,37,1.2461876747748128,0.09239500969207873,2018,NA,2,1,2,0,1,2,2,2,1,2,99,1,1,1,0,2,1,1,0,1,99,1,0,0,0,0,0,88,1,1,0,1,1,1
Bonilla.etal,38,0.8090347217796876,0.08053498257423036,2018,NA,2,1,2,0,1,2,2,2,1,2,99,1,1,1,0,2,1,1,0,1,99,1,0,0,0,0,2,1,1,1,0,1,1,1
Bonilla.etal,39,1.6238453605326677,0.10443192883698302,2018,NA,2,3,2,0,1,2,2,2,1,2,99,1,1,1,0,2,1,1,0,1,99,1,0,0,0,0,0,88,1,1,0,2,1,1
Bonilla.etal,40,0.9220182181922529,0.08163729884463508,2018,NA,2,3,2,0,1,2,2,2,1,2,99,1,1,1,0,2,1,1,0,1,99,1,0,0,0,0,2,1,1,1,0,2,1,1
Brown,41,0.557805006003365,0.05482337067106682,2017,NA,1,2,3,0,2,2,2,2,1,2,1,0,1,1,0,2,0,1,0,3,0,1,0,1,10,1,0,88,1,1,0,1,1,4
Brown,42,0.593319026886346,0.05331343400064847,2017,NA,1,2,3,0,2,2,2,2,1,2,1,0,1,1,0,2,0,1,0,3,0,1,0,1,10,1,2,1,1,1,0,1,1,4
Brown,43,0.4156022899502879,0.04932113726206841,2017,NA,1,2,3,0,2,2,2,2,1,2,1,0,1,1,0,2,0,1,0,3,0,1,0,1,1,1,0,88,1,1,0,1,2,4
Brown,44,-0.13246521045375967,0.04876109472699982,2017,NA,1,2,3,0,2,2,2,2,1,2,1,0,1,1,0,2,0,1,0,3,0,1,0,1,1,1,2,1,1,1,0,1,2,4
Brown,45,0.392256498467413,0.05046919887447193,2017,NA,1,2,3,0,2,2,2,2,1,2,1,0,1,1,0,2,0,1,0,3,0,1,0,1,10,1,0,88,1,1,0,1,3,4
Brown,46,0.2831947216583276,0.04902582863461248,2017,NA,1,2,3,0,2,2,2,2,1,2,1,0,1,1,0,2,0,1,0,3,0,1,0,1,10,1,2,1,1,1,0,1,3,4
Brown,47,0.19241952166136592,0.04977346875446004,2017,NA,1,2,3,0,2,2,2,2,1,2,1,0,1,1,0,2,0,1,0,3,0,1,0,1,10,1,0,88,1,1,0,1,4,4
Brown,48,0.07492608992434896,0.04678871335871167,2017,NA,1,2,3,0,2,2,2,2,1,2,1,0,1,1,0,2,0,1,0,3,0,1,0,1,10,1,2,1,1,1,0,1,4,4
Brown,49,0.2022926374172444,0.048605021905635565,2017,NA,1,2,3,0,2,2,2,2,1,2,1,0,1,1,0,2,0,1,0,3,0,1,0,1,10,1,0,88,1,1,0,2,1,4
Brown,50,0.25009400308566854,0.04699906641176678,2017,NA,1,2,3,0,2,2,2,2,1,2,1,0,1,1,0,2,0,1,0,3,0,1,0,1,10,1,2,1,1,1,0,2,1,4
Brown,51,0.02608047629283643,0.04822577455465812,2017,NA,1,2,3,0,2,2,2,2,1,2,1,0,1,1,0,2,0,1,0,3,0,1,0,1,1,1,0,88,1,1,0,2,2,4
Brown,52,0.26694624098403613,0.04750843056135771,2017,NA,1,2,3,0,2,2,2,2,1,2,1,0,1,1,0,2,0,1,0,3,0,1,0,1,1,1,2,1,1,1,0,2,2,4
Brown,53,-0.2091513911407019,0.049242287833393336,2017,NA,1,2,3,0,2,2,2,2,1,2,1,0,1,1,0,2,0,1,0,3,0,1,0,1,10,1,0,88,1,1,0,2,3,4
Brown,54,0.6631468469125699,0.050917626006470984,2017,NA,1,2,3,0,2,2,2,2,1,2,1,0,1,1,0,2,0,1,0,3,0,1,0,1,10,1,2,1,1,1,0,2,3,4
Brown,55,0.07986251123925936,0.05185975474765582,2017,NA,1,2,3,0,2,2,2,2,1,2,1,0,1,1,0,2,0,1,0,3,0,1,0,1,10,1,0,88,1,1,0,2,4,4
Brown,56,0.13171675265625013,0.048453902825990186,2017,NA,1,2,3,0,2,2,2,2,1,2,1,0,1,1,0,2,0,1,0,3,0,1,0,1,10,1,2,1,1,1,0,2,4,4
Diab_a,57,0.31918384460852967,0.13007825704931547,2015,NA,2,1,3,0,1,2,2,2,1,99,1,99,99,0,0,2,0,1,0,99,1,0,0,99,10,2,8,1,0,1,0,1,1,2
Diab_a,58,0.2841822474481695,0.11607179034388254,2015,NA,2,1,3,0,1,2,2,2,1,99,1,99,99,0,0,2,0,1,0,99,1,0,0,99,10,2,3,1,0,1,0,1,1,2
Diab_a,59,0.9658362029661003,0.2777722686697277,2015,NA,2,1,3,0,1,2,2,2,1,99,1,99,99,0,0,2,0,1,0,99,1,0,0,99,10,2,8,1,0,1,0,1,2,2
Diab_a,60,0.2620356337420907,0.17523948193122427,2015,NA,2,1,3,0,1,2,2,2,1,99,1,99,99,0,0,2,0,1,0,99,1,0,0,99,10,2,3,1,0,1,0,1,2,2
Diab_a,61,0.24479056244312863,0.12777420043821622,2015,NA,2,4,3,0,1,2,2,2,1,99,1,99,99,0,0,2,0,1,0,99,1,0,0,99,10,2,8,1,0,1,0,2,1,2
Diab_a,62,0.04865974538328305,0.12385308581477211,2015,NA,2,4,3,0,1,2,2,2,1,99,1,99,99,0,0,2,0,1,0,99,1,0,0,99,10,2,3,1,0,1,0,2,1,2
Diab_a,63,1.2619320689104399,0.2576193876903968,2015,NA,2,4,3,0,1,2,2,2,1,99,1,99,99,0,0,2,0,1,0,99,1,0,0,99,10,2,8,1,0,1,0,2,2,2
Diab_a,64,0.29865883163858287,0.14079791138342904,2015,NA,2,4,3,0,1,2,2,2,1,99,1,99,99,0,0,2,0,1,0,99,1,0,0,99,10,2,3,1,0,1,0,2,2,2
Diab_b,65,-0.024168501594992106,0.11013982417937969,2016,NA,2,1,1,0,1,2,2,2,1,99,1,99,99,1,0,77,1,1,0,99,1,0,0,99,10,2,3,88,2,99,0,1,1,2
Diab_b,66,0.056862758744154474,0.1355764841498711,2016,NA,2,1,1,0,1,2,2,2,1,99,1,99,99,1,0,77,1,1,0,99,1,0,0,99,10,2,3,88,2,99,0,1,2,2
Diab_b,67,0.3543326556520592,0.11942252932404862,2016,NA,2,4,1,0,1,2,2,2,1,99,1,99,99,1,0,77,1,1,0,99,1,0,0,99,10,2,3,88,2,99,0,2,1,2
Diab_b,68,-0.6605674535164877,0.11763939026578357,2016,NA,2,4,1,0,1,2,2,2,1,99,1,99,99,1,0,77,1,1,0,99,1,0,0,99,10,2,3,88,2,99,0,2,2,2
Dlsk_Krlr,69,0.12118902533947551,0.02636792298990339,2013,NA,0,2,2,0,0,2,2,2,1,99,1,1,1,0,0,99,0,1,0,99,0,0,2,99,0,1,1,88,0,1,0,1,1,2
Dlsk_Krlr,70,0.37177379373900044,0.02756207670391183,2013,NA,0,2,2,0,0,2,2,2,1,99,1,1,1,0,0,99,0,1,0,99,0,1,2,99,0,1,1,88,0,1,0,1,1,2
Dlsk_Krlr,71,0.39366430687747767,0.029358199552414043,2013,NA,0,2,2,0,0,2,2,2,1,99,1,1,1,0,0,99,0,1,0,99,0,0,2,99,0,1,1,88,0,1,0,1,2,2
Dlsk_Krlr,72,0.23143115709232248,0.030114592124280196,2013,NA,0,2,2,0,0,2,2,2,1,99,1,1,1,0,0,99,0,1,0,99,0,1,2,99,0,1,1,88,0,1,0,1,2,2
Eki_diGnro,73,0.015005115150573012,0.13931911256230187,2019,NA,1,1,3,1,1,1,2,2,1,99,0,1,99,1,0,5,0,0,0,99,0,99,1,99,1,2,0,88,99,2,0,1,1,1
Eki_diGnro,74,-0.5477377509714121,0.12163833003748878,2019,NA,1,1,3,1,1,1,2,2,1,99,0,1,99,1,0,5,0,0,0,99,0,99,1,99,1,2,8,88,99,2,0,1,1,1
Eki_diGnro,75,0.09698071064297331,0.13046955505622382,2019,NA,1,4,3,1,1,1,2,2,1,99,0,1,99,1,0,5,0,0,0,99,0,99,1,99,1,2,0,88,99,2,0,2,1,1
Eki_diGnro,76,-0.23525278006066686,0.11800037183913813,2019,NA,1,4,3,1,1,1,2,2,1,99,0,1,99,1,0,5,0,0,0,99,0,99,1,99,1,2,8,88,99,2,0,2,1,1
Elis_Sh_Mur_Tak,77,-0.013021630453814326,0.23749060906012853,2008,NA,1,1,3,1,1,2,2,2,1,99,0,99,1,0,0,5,1,0,0,99,0,0,1,99,1,2,0,88,2,2,0,1,1,1
Elis_Sh_Mur_Tak,78,0.7144885558009472,0.2915889994223194,2008,NA,1,1,3,1,1,2,2,2,1,99,0,99,1,0,0,5,1,0,0,99,0,0,1,99,1,0,0,88,2,2,0,1,1,1
Elis_Sh_Mur_Tak,79,1.885728810970814,0.4925852331707735,2008,NA,1,3,3,1,1,2,2,2,1,99,0,99,1,0,0,5,1,0,0,99,0,0,1,99,1,2,0,88,2,2,0,2,1,1
Elis_Sh_Mur_Tak,80,1.132933003857174,0.283074424694203,2008,NA,1,3,3,1,1,2,2,2,1,99,0,99,1,0,0,5,1,0,0,99,0,0,1,99,1,0,0,88,2,2,0,2,1,1
Ev_Hart_StngKras,81,1.0936033669245055,0.1738861471656491,2011,NA,1,2,4,0,1,1,2,2,2,99,99,99,0,1,0,2,0,1,0,1,1,88,2,99,0,0,2,1,0,1,0,1,1,1
Fazio,82,-0.13089196816772938,0.132698955109668,2001,NA,1,2,99,1,1,1,0,0,77,99,99,1,99,0,0,6,0,0,0,99,99,99,1,99,0,1,0,88,1,2,0,1,1,1
Fazio,83,-0.5467906075456666,0.15329059967288905,2001,NA,1,2,99,1,1,1,0,0,77,99,99,1,99,0,0,6,0,0,0,99,99,99,1,99,0,1,1,88,1,2,0,1,1,1
Frear_Chiu,84,1.0485025353719346,0.2131181047219361,2016,NA,0,1,1,99,1,2,2,2,99,99,1,0,99,1,0,5,1,0,0,99,99,0,1,0,2,2,1,88,1,0,0,1,1,1
Frear_Chiu,85,1.1609789187645916,0.20101917518425486,2016,NA,0,1,1,99,1,2,2,2,99,99,1,0,99,1,0,5,1,0,0,99,99,0,1,0,2,2,1,88,1,0,0,1,1,1
Frear_Chiu,86,1.0507743631471094,0.20029562361960074,2016,NA,0,2,1,99,1,2,2,2,99,99,1,0,99,1,0,5,1,0,0,99,99,0,1,0,2,2,1,88,1,0,0,2,1,1
Frear_Chiu,87,0.9881051338172884,0.1733446430077134,2016,NA,0,2,1,99,1,2,2,2,99,99,1,0,99,1,0,5,1,0,0,99,99,0,1,0,2,2,1,88,1,0,0,2,1,1
Guo,88,0.6348016537759219,0.08527821225038001,2015,NA,1,1,1,0,2,2,2,2,1,99,1,1,1,0,0,5,0,1,0,1,0,0,1,0,0,1,1,88,0,0,0,1,1,1
Guo,89,0.9076637579106018,0.09684828959288415,2015,NA,1,1,1,0,2,2,2,2,1,99,1,1,1,0,0,5,0,1,0,1,0,0,1,0,0,1,2,1,0,0,0,1,1,1
Guo,90,0.9928716660836194,0.10053772568403979,2015,NA,1,1,1,0,2,2,2,2,1,99,1,1,1,0,0,5,0,1,0,1,0,0,1,0,0,1,3,88,0,0,0,1,1,1
Guo,91,1.2790014083015087,0.11542589056193844,2015,NA,1,1,1,0,2,2,2,2,1,99,1,1,1,0,0,5,0,1,0,1,0,0,1,0,0,1,0,88,0,0,0,1,1,1
Guo,92,0.9394398762529425,0.10095606185107653,2015,NA,1,1,1,0,2,2,2,2,1,99,1,1,1,0,0,5,0,1,0,1,0,0,1,0,0,1,8,88,0,0,0,1,1,1
Guo,93,0.36498041923673236,0.08149820451130359,2015,NA,1,3,1,0,2,2,2,2,1,99,1,1,1,0,0,5,0,1,0,1,0,0,1,0,0,1,1,88,0,0,0,2,1,1
Guo,94,0.5434674070176839,0.08781129139368422,2015,NA,1,3,1,0,2,2,2,2,1,99,1,1,1,0,0,5,0,1,0,1,0,0,1,0,0,1,2,1,0,0,0,2,1,1
Guo,95,0.3467340168224796,0.08299952623061949,2015,NA,1,3,1,0,2,2,2,2,1,99,1,1,1,0,0,5,0,1,0,1,0,0,1,0,0,1,3,88,0,0,0,2,1,1
Guo,96,0.922574298765354,0.10221803911131985,2015,NA,1,3,1,0,2,2,2,2,1,99,1,1,1,0,0,5,0,1,0,1,0,0,1,0,0,1,0,88,0,0,0,2,1,1
Guo,97,0.4973949235787665,0.08871277440639308,2015,NA,1,3,1,0,2,2,2,2,1,99,1,1,1,0,0,5,0,1,0,1,0,0,1,0,0,1,8,88,0,0,0,2,1,1
Guo,98,0.9395114031951247,0.09815825958526689,2015,NA,1,4,1,0,2,2,2,2,1,99,1,1,1,0,0,5,0,1,0,1,0,0,1,0,0,1,1,88,0,0,0,3,1,1
Guo,99,0.2159263412833393,0.08014134578505067,2015,NA,1,4,1,0,2,2,2,2,1,99,1,1,1,0,0,5,0,1,0,1,0,0,1,0,0,1,2,1,0,0,0,3,1,1
Guo,100,0.8525524137546778,0.09703035962243733,2015,NA,1,4,1,0,2,2,2,2,1,99,1,1,1,0,0,5,0,1,0,1,0,0,1,0,0,1,3,88,0,0,0,3,1,1
Guo,101,0.6801169788082775,0.09057325723079981,2015,NA,1,4,1,0,2,2,2,2,1,99,1,1,1,0,0,5,0,1,0,1,0,0,1,0,0,1,0,88,0,0,0,3,1,1
Guo,102,0.7709436737087813,0.09635558528072412,2015,NA,1,4,1,0,2,2,2,2,1,99,1,1,1,0,0,5,0,1,0,1,0,0,1,0,0,1,8,88,0,0,0,3,1,1
Harts_Evans,103,0.9936019345200805,0.19709480326392437,2015,NA,0,2,4,0,1,1,2,2,1,99,99,0,1,1,0,2,0,1,0,99,1,0,2,99,0,0,2,1,0,1,0,1,1,1
Hartshorn,104,0.8304661415432462,0.09776429005327539,2008,NA,1,2,99,0,2,1,2,2,2,99,99,0,0,1,0,2,0,0,1,1,1,0,2,1,1,0,2,1,0,1,0,1,1,4
Hartshorn,105,0.9482234190783894,0.09935960094424079,2008,NA,1,2,99,0,2,1,2,2,2,99,99,0,0,1,0,2,0,0,1,1,1,0,2,1,1,0,2,1,0,1,0,1,2,4
Hartshorn,106,0.3817406945829609,0.0933057909947158,2008,NA,1,2,99,0,2,1,2,2,2,99,99,0,0,1,0,2,0,0,1,1,1,0,2,1,10,0,2,1,0,1,0,1,3,4
Hartshorn,107,-0.2508189893581104,0.08968550674455597,2008,NA,1,2,99,0,2,1,2,2,2,99,99,0,0,1,0,2,0,0,1,1,1,0,2,1,10,0,2,1,0,1,0,1,4,4
Jhowry,108,-0.06184441970639387,0.2257162299500313,2010,NA,1,1,4,1,2,1,2,2,2,99,99,1,1,1,0,2,0,1,0,2,0,99,NA,0,0,2,1,88,1,1,0,1,1,1
Jiang_Xiao,109,1.0680664738481376,0.0955454756652663,2014,NA,0,1,2,1,1,2,2,2,1,99,99,1,99,0,0,5,0,1,0,1,0,88,1,1,1,2,0,88,99,99,0,1,1,1
Jiang_Xiao,110,0.6699853410464034,0.07657468043749532,2014,NA,0,1,2,1,1,2,2,2,1,99,99,1,99,0,0,5,0,1,0,1,0,88,1,1,1,2,0,88,99,99,0,1,1,1
Jiang_Xiao,111,1.3021982290619938,0.10765092754541902,2014,NA,0,3,2,1,1,2,2,2,1,99,99,1,99,0,0,5,0,1,0,1,0,88,1,1,1,2,0,88,99,99,0,2,1,1
Jiang_Xiao,112,0.7841841112115996,0.08021016691742391,2014,NA,0,3,2,1,1,2,2,2,1,99,99,1,99,0,0,5,0,1,0,1,0,88,1,1,1,2,0,88,99,99,0,2,1,1
Karim_End.,113,0.45038023642672903,0.09395467750795822,2019,NA,0,2,2,0,0,2,2,2,1,99,99,1,0,1,1,5,0,1,0,1,99,99,1,99,2,2,0,88,99,1,0,1,1,1
Karim_End.,114,1.43672871548341,0.14169786005665186,2019,NA,0,2,2,0,0,2,2,2,1,99,99,1,0,1,1,5,0,1,0,1,99,99,1,99,2,2,1,88,99,1,0,1,1,1
Karim_End.,115,-0.3485249946190394,0.10726641161397166,2019,NA,0,2,2,0,0,2,2,2,1,99,99,1,0,1,1,5,0,1,0,1,99,99,1,99,2,2,3,88,99,1,0,1,1,1
Karim_End.,116,1.0607839621330017,0.12639417219084947,2019,NA,0,3,2,0,0,2,2,2,1,99,99,1,0,1,1,5,0,1,0,1,99,99,1,99,2,2,0,88,99,1,0,2,1,1
Karim_End.,117,1.8876103364436616,0.19751110891324575,2019,NA,0,3,2,0,0,2,2,2,1,99,99,1,0,1,1,5,0,1,0,1,99,99,1,99,2,2,1,88,99,1,0,2,1,1
Karim_End.,118,0.3292313553893672,0.11256455063359344,2019,NA,0,3,2,0,0,2,2,2,1,99,99,1,0,1,1,5,0,1,0,1,99,99,1,99,2,2,3,88,99,1,0,2,1,1
Karim_End.,119,0.7961555661483419,0.1117430016768401,2019,NA,0,3,2,0,0,2,2,2,1,99,99,1,0,1,1,5,0,1,0,1,99,99,1,99,2,2,0,88,99,1,0,3,1,1
Karim_End.,120,1.42715630254402,0.15437966082648547,2019,NA,0,3,2,0,0,2,2,2,1,99,99,1,0,1,1,5,0,1,0,1,99,99,1,99,2,2,1,88,99,1,0,3,1,1
Karim_End.,121,-0.2824067581760448,0.10437125512601152,2019,NA,0,3,2,0,0,2,2,2,1,99,99,1,0,1,1,5,0,1,0,1,99,99,1,99,2,2,3,88,99,1,0,3,1,1
Karim_Nas.,122,0.16121594279058343,0.16399814955313108,2018,NA,0,2,3,0,1,1,2,2,1,99,1,1,1,1,1,5,0,1,1,1,99,1,0,99,0,0,0,88,2,1,0,1,1,1
Karim_Nas.,123,0.12266606553538628,0.17933547503908617,2018,NA,0,2,3,0,1,1,2,2,1,99,1,1,1,1,1,5,0,1,1,1,99,1,0,99,0,0,1,88,2,1,0,1,1,1
Karim_Nas.,124,0.7107223436012027,0.21378658224392957,2018,NA,0,2,3,0,1,1,2,2,1,99,1,1,1,1,1,5,0,1,1,1,99,1,0,99,0,0,2,88,2,1,0,1,1,1
Kassim_Ng,125,0.8567882050757047,0.07761821696158981,2014,NA,0,1,2,99,1,2,2,2,1,99,1,99,99,1,0,5,0,1,1,2,0,0,1,99,2,2,1,88,99,99,0,1,1,1
Kassim_Ng,126,1.3068494319046942,0.09400647993681506,2014,NA,0,1,2,99,1,2,2,2,1,99,1,99,99,1,0,5,0,1,1,2,0,0,1,99,2,2,1,88,99,99,0,1,1,1
Kassim_Ng,127,0.9412333987635447,0.07958439812749182,2014,NA,0,4,2,99,1,2,2,2,1,99,1,99,99,1,0,5,0,1,1,2,0,0,1,99,2,2,1,88,99,99,0,2,1,1
Kassim_Ng,128,1.2743158743614404,0.09178700667306422,2014,NA,0,4,2,99,1,2,2,2,1,99,1,99,99,1,0,5,0,1,1,2,0,0,1,99,2,2,1,88,99,99,0,2,1,1
Mubarak,129,0.9173249281489635,0.17179296738207234,2013,NA,0,1,4,1,2,2,2,2,0,0,1,1,1,1,0,77,1,1,0,1,99,0,1,99,0,0,0,88,2,1,0,1,1,4
Mubarak,130,0.10208438319214222,0.14123225305869683,2013,NA,0,1,4,1,2,2,2,2,0,0,1,1,1,1,0,77,1,1,0,1,99,0,1,99,0,0,1,88,2,1,0,1,1,4
Mubarak,131,0.7551883428899415,0.22297070111130865,2013,NA,0,1,4,1,2,2,2,2,0,0,1,1,1,1,0,77,1,1,0,1,99,0,1,99,0,0,0,88,2,1,0,1,2,4
Mubarak,132,1.176033454924171,0.2824942530565485,2013,NA,0,1,4,1,2,2,2,2,0,0,1,1,1,1,0,77,1,1,0,1,99,0,1,99,0,0,1,88,2,1,0,1,2,4
Mubarak,133,0.5287747877529712,0.20987299700732315,2013,NA,0,1,4,1,2,2,2,2,0,0,1,1,1,1,0,77,1,1,0,1,99,0,1,99,0,0,0,88,2,1,0,1,3,4
Mubarak,134,-0.11890490447812618,0.17408709872097636,2013,NA,0,1,4,1,2,2,2,2,0,0,1,1,1,1,0,77,1,1,0,1,99,0,1,99,0,0,1,88,2,1,0,1,3,4
Mubarak,135,-0.0883445934593407,0.15907463821460313,2013,NA,0,1,4,1,2,2,2,2,0,0,1,1,1,1,0,77,1,1,0,1,99,0,1,99,0,0,0,88,2,1,0,1,4,4
Mubarak,136,0.5390869912769279,0.2006354605720651,2013,NA,0,1,4,1,2,2,2,2,0,0,1,1,1,1,0,77,1,1,0,1,99,0,1,99,0,0,1,88,2,1,0,1,4,4
Mubarak,137,0.9850885609715428,0.15572160501974258,2013,NA,0,4,4,1,2,2,2,2,0,0,1,1,1,1,0,77,1,1,0,1,99,0,1,99,0,0,0,88,2,1,0,2,1,4
Mubarak,138,0.7408177277269861,0.15271791232380447,2013,NA,0,4,4,1,2,2,2,2,0,0,1,1,1,1,0,77,1,1,0,1,99,0,1,99,0,0,1,88,2,1,0,2,1,4
Mubarak,139,-0.49266799620795215,0.18134705967895776,2013,NA,0,4,4,1,2,2,2,2,0,0,1,1,1,1,0,77,1,1,0,1,99,0,1,99,0,0,0,88,2,1,0,2,2,4
Mubarak,140,-1.3695479475956454,0.2815557384156871,2013,NA,0,4,4,1,2,2,2,2,0,0,1,1,1,1,0,77,1,1,0,1,99,0,1,99,0,0,1,88,2,1,0,2,2,4
Mubarak,141,0.2064640735018674,0.15886560925537122,2013,NA,0,4,4,1,2,2,2,2,0,0,1,1,1,1,0,77,1,1,0,1,99,0,1,99,0,0,0,88,2,1,0,2,3,4
Mubarak,142,-0.15877119731805578,0.15113847137512093,2013,NA,0,4,4,1,2,2,2,2,0,0,1,1,1,1,0,77,1,1,0,1,99,0,1,99,0,0,1,88,2,1,0,2,3,4
Mubarak,143,-0.3610556821725578,0.16200056612139277,2013,NA,0,4,4,1,2,2,2,2,0,0,1,1,1,1,0,77,1,1,0,1,99,0,1,99,0,0,0,88,2,1,0,2,4,4
Mubarak,144,0.26613531292275205,0.1959499027386843,2013,NA,0,4,4,1,2,2,2,2,0,0,1,1,1,1,0,77,1,1,0,1,99,0,1,99,0,0,1,88,2,1,0,2,4,4
Munoz,145,0.4898987290920415,0.1117175506296334,2011,NA,1,2,3,2,2,2,2,2,99,99,99,1,0,0,0,5,0,1,0,2,1,1,1,1,0,2,2,1,1,1,0,1,1,1
Munoz,146,-0.1428037836766795,0.11278843299318855,2011,NA,1,2,3,2,2,2,2,2,99,99,99,1,0,0,0,5,0,1,0,2,1,1,1,1,0,2,1,88,1,1,0,1,1,1
Nakazawa,147,0.620710702368247,0.20878477959658698,2006,NA,2,4,3,1,2,2,2,2,0,99,0,1,1,1,0,6,1,99,99,1,1,0,0,0,0,1,0,88,1,1,0,1,1,1
Nakazawa,148,0.5270073800349167,0.2059595312153133,2006,NA,2,4,3,1,2,2,2,2,0,99,0,1,1,1,0,6,1,99,99,1,1,0,0,0,0,1,2,1,1,1,0,1,1,1
Nakazawa,149,0.2072255973602114,0.21124320361813936,2006,NA,2,4,3,1,2,2,2,2,0,99,0,1,1,1,0,6,1,99,99,1,1,0,0,0,0,1,15,88,1,1,0,1,1,1
Nemati_etal,150,4.613584412887112,0.28840579816895323,2019,NA,2,2,3,0,1,2,3,1,0,0,0,1,1,1,0,77,1,1,0,99,0,99,1,0,3,2,0,88,1,1,0,1,1,1
Nemati_etal,151,2.3758260972948975,0.13154657448046098,2019,NA,2,2,3,0,1,2,3,1,0,0,0,1,1,1,0,77,1,1,0,99,0,99,1,0,3,2,1,88,1,1,0,1,1,1
Nemati_etal,152,5.093062089638082,0.33372266898333025,2019,NA,2,3,3,0,1,2,3,1,0,0,0,1,1,1,0,77,1,1,0,99,0,99,1,0,3,2,0,88,1,1,0,2,1,1
Nemati_etal,153,2.8685424422747507,0.27885624703296197,2019,NA,2,3,3,0,1,2,3,1,0,0,0,1,1,1,0,77,1,1,0,99,0,99,1,0,3,2,1,88,1,1,0,2,1,1
Nusrat.etal.,154,-0.22104108835540082,0.08066110910024966,2019,NA,0,4,2,2,0,2,2,2,99,99,99,0,1,1,0,5,0,1,0,99,99,0,0,1,1,1,2,1,0,1,0,2,1,3
Nusrat.etal.,155,-0.18704190571101187,0.08901165980698693,2019,NA,0,4,2,2,0,2,2,2,99,99,99,0,1,1,0,5,0,1,0,99,99,0,0,1,2,1,2,1,0,1,0,2,2,3
Nusrat.etal.,156,1.517677436256919,0.11431820085758779,2019,NA,0,4,2,2,0,2,2,2,99,99,99,0,1,1,0,5,0,1,0,99,99,0,0,1,3,1,2,1,0,1,0,2,3,3
Pariyto_Cah.,157,1.2414784313317573,0.2589682092196753,2016,NA,1,1,4,1,0,2,2,2,1,99,99,1,0,1,1,2,0,1,0,2,99,99,0,0,0,0,0,88,2,1,0,1,1,1
Pariyto_Cah.,158,0.0505856735711715,0.16854116549822304,2016,NA,1,3,4,1,0,2,2,2,1,99,99,1,0,1,1,2,0,1,0,2,99,99,0,0,0,0,0,88,2,1,0,2,1,1
Parreno,159,0.33995376490948725,0.12431455717306376,2015,NA,1,2,4,99,0,2,2,2,1,99,0,1,1,1,0,6,0,1,0,1,99,0,0,1,0,1,1,88,99,1,0,1,1,4
Parreno,160,-0.22918860373944433,0.1369907347048686,2015,NA,1,2,4,99,0,2,2,2,1,99,0,1,1,1,0,6,0,1,0,1,99,0,0,1,0,1,0,88,99,1,0,1,1,4
Parreno,161,0.8055968115310913,0.1380126407957258,2015,NA,1,2,4,99,0,2,2,2,1,99,0,1,1,1,0,6,0,1,0,1,99,0,0,1,0,1,2,1,99,1,0,1,1,4
Parreno,162,0.0350134722964955,0.11441924704329606,2015,NA,1,2,4,99,0,2,2,2,1,99,0,1,1,1,0,6,0,1,0,1,99,0,0,1,0,1,1,88,99,1,0,1,2,4
Parreno,163,0.050964026620569904,0.13587307621467007,2015,NA,1,2,4,99,0,2,2,2,1,99,0,1,1,1,0,6,0,1,0,1,99,0,0,1,0,1,0,88,99,1,0,1,2,4
Parreno,164,1.6658645112374744,0.1892101099249306,2015,NA,1,2,4,99,0,2,2,2,1,99,0,1,1,1,0,6,0,1,0,1,99,0,0,1,0,1,2,1,99,1,0,1,2,4
Parreno,165,0.5851285858399407,0.12394655419477371,2015,NA,1,2,4,99,0,2,2,2,1,99,0,1,1,1,0,6,0,1,0,1,99,0,0,1,0,1,1,88,99,1,0,1,3,4
Parreno,166,0.7742719705728887,0.1483554728350816,2015,NA,1,2,4,99,0,2,2,2,1,99,0,1,1,1,0,6,0,1,0,1,99,0,0,1,0,1,0,88,99,1,0,1,3,4
Parreno,167,2.215185587554982,0.2016407077501467,2015,NA,1,2,4,99,0,2,2,2,1,99,0,1,1,1,0,6,0,1,0,1,99,0,0,1,0,1,2,1,99,1,0,1,3,4
Parreno,168,0.6304444449736324,0.1355497196893033,2015,NA,1,2,4,99,0,2,2,2,1,99,0,1,1,1,0,6,0,1,0,1,99,0,0,1,0,1,1,88,99,1,0,1,4,4
Parreno,169,0.7242866732482702,0.17441749259749706,2015,NA,1,2,4,99,0,2,2,2,1,99,0,1,1,1,0,6,0,1,0,1,99,0,0,1,0,1,0,88,99,1,0,1,4,4
Parreno,170,1.2481170561692687,0.16686850155865562,2015,NA,1,2,4,99,0,2,2,2,1,99,0,1,1,1,0,6,0,1,0,1,99,0,0,1,0,1,2,1,99,1,0,1,4,4
Pash.,171,0.9000681746222154,0.12790426077851358,2017,NA,1,1,2,1,0,2,2,2,1,2,99,0,0,1,0,7,1,1,0,1,0,99,1,0,0,1,0,88,1,0,0,1,1,1
Pash.,172,0.2032657316043291,0.11697188984065796,2017,NA,1,1,2,1,0,2,2,2,1,2,99,0,0,1,0,7,1,1,0,1,0,99,1,0,0,1,0,88,1,0,0,1,1,1
Pash.,173,0.9216268704595065,0.16711393428102858,2017,NA,1,1,2,1,0,2,2,2,1,2,99,0,0,1,0,7,1,1,0,1,0,99,1,0,0,1,0,88,1,1,0,1,1,1
Pash.,174,0.14052566041965608,0.09813714934389695,2017,NA,1,3,2,1,0,2,2,2,1,2,99,0,0,1,0,7,1,1,0,1,0,99,1,0,0,1,0,88,1,0,0,2,1,1
Pash.,175,-0.07584705265333502,0.11048866118501141,2017,NA,1,3,2,1,0,2,2,2,1,2,99,0,0,1,0,7,1,1,0,1,0,99,1,0,0,1,0,88,1,0,0,2,1,1
Pash.,176,0.0016441336259964134,0.11579405140766721,2017,NA,1,3,2,1,0,2,2,2,1,2,99,0,0,1,0,7,1,1,0,1,0,99,1,0,0,1,0,88,1,1,0,2,1,1
Polio_etal,177,0.09026966978534934,0.065575480627207,1998,NA,0,2,4,0,1,1,2,2,99,99,1,1,0,1,0,6,0,1,0,99,1,1,2,99,0,0,99,0,99,1,0,1,1,2
Polio_etal,178,0.32220857504029643,0.06367580406619636,1998,NA,0,2,4,0,1,1,2,2,99,99,1,1,0,1,0,6,0,1,0,99,1,1,2,99,0,0,99,0,99,1,0,1,2,2
Rahimi,179,0.12826041025649815,0.089553021458665,2009,NA,1,3,3,1,1,2,2,2,1,99,99,99,1,1,0,2,0,0,0,2,99,99,0,99,0,0,2,0,1,1,0,1,1,1
Rummel_Bitc.,180,1.0154921301166087,0.2662133021184123,2015,NA,0,2,2,1,0,2,3,2,2,99,1,0,0,0,0,6,0,1,0,2,99,99,1,99,3,2,0,0,99,2,0,1,1,1
Rummel_Bitc.,181,0.9263029580016283,0.25393323429262826,2015,NA,0,2,2,1,0,2,3,2,2,99,1,0,0,0,0,6,0,1,0,2,99,99,1,99,3,2,2,0,99,2,0,1,1,1
Rummel_Bitc.,182,1.4079326554115377,0.30700242431531494,2015,NA,0,2,2,1,0,2,3,2,2,99,1,0,0,0,0,6,0,1,0,2,99,99,1,99,3,2,3,0,99,2,0,1,1,1
Rummel_Bitc.,183,0.6507770913711063,0.22507725808054818,2015,NA,0,3,2,1,0,2,3,2,2,99,1,0,0,0,0,6,0,1,0,2,99,99,1,99,3,2,0,0,99,2,0,2,1,1
Rummel_Bitc.,184,0.5978468612998716,0.22015287041815113,2015,NA,0,3,2,1,0,2,3,2,2,99,1,0,0,0,0,6,0,1,0,2,99,99,1,99,3,2,2,0,99,2,0,2,1,1
Rummel_Bitc.,185,0.8492649070934088,0.23114712035212692,2015,NA,0,3,2,1,0,2,3,2,2,99,1,0,0,0,0,6,0,1,0,2,99,99,1,99,3,2,3,0,99,2,0,2,1,1
Seiff_ElSak,186,4.009361124587974,0.5450460034875834,2017,NA,0,2,4,99,0,2,2,2,99,99,99,1,1,1,0,2,0,1,0,99,2,0,4,1,0,0,15,0,99,99,0,1,1,1
Sheen_a,187,0.38570081291202996,0.07845851850255456,2007,NA,0,1,2,1,1,1,2,2,1,99,99,99,99,1,0,6,1,1,0,0,0,0,0,99,1,2,0,88,1,0,0,1,1,1
Sheen_a,188,0.5686759406654359,0.08208385332217394,2007,NA,0,1,2,1,1,1,2,2,1,99,99,99,99,1,0,6,1,1,0,0,0,0,0,99,1,2,8,88,1,0,0,1,1,1
Sheen_a,189,0.3256146931730993,0.07751295436910438,2007,NA,0,3,2,1,1,1,2,2,1,99,99,99,99,1,0,6,1,1,0,0,0,0,0,99,1,2,0,88,1,0,0,2,1,1
Sheen_a,190,0.8398196909879767,0.09218374349911712,2007,NA,0,3,2,1,1,1,2,2,1,99,99,99,99,1,0,6,1,1,0,0,0,0,0,99,1,2,8,88,1,0,0,2,1,1
Sheen_b,191,0.8279999073194162,0.09104288921039122,2010,NA,3,1,1,1,1,1,2,2,1,99,99,0,99,1,0,6,0,1,0,99,0,0,1,99,1,2,0,88,0,2,0,1,1,1
Sheen_b,192,0.7615711071301792,0.08686684703165631,2010,NA,3,1,1,1,1,1,2,2,1,99,99,0,99,1,0,6,0,1,0,99,0,0,1,99,1,2,8,88,0,2,0,1,1,1
Sheen_b,193,0.885438946243016,0.08987013798639934,2010,NA,3,3,1,1,1,1,2,2,1,99,99,0,99,1,0,6,0,1,0,99,0,0,1,99,1,2,0,88,0,2,0,2,1,1
Sheen_b,194,1.12926915210519,0.0982509561108291,2010,NA,3,3,1,1,1,1,2,2,1,99,99,0,99,1,0,6,0,1,0,99,0,0,1,99,1,2,8,88,0,2,0,2,1,1
Sheen_etal,195,0.7071197173717957,0.1631996063529055,2009,NA,3,2,2,1,1,1,2,2,1,2,99,0,99,0,0,6,0,1,0,99,99,99,4,99,1,2,0,88,0,1,0,1,1,4
Sheen_etal,196,-0.3736233696671831,0.11311840451214984,2009,NA,3,2,2,1,1,1,2,2,1,2,99,0,99,0,0,6,0,1,0,99,99,99,4,99,1,1,0,88,0,1,0,1,1,4
Sheen_etal,197,0.9267538346558564,0.16678122377045945,2009,NA,0,2,2,1,1,1,2,2,1,2,99,0,99,0,0,6,0,1,0,99,99,99,4,99,1,2,0,88,0,1,0,1,2,4
Sheen_etal,198,-0.1539892523831224,0.11670002192970379,2009,NA,0,2,2,1,1,1,2,2,1,2,99,0,99,0,0,6,0,1,0,99,99,99,4,99,1,1,0,88,0,1,0,1,2,4
Sheen_etal,199,0.6028390643511987,0.12379092444556948,2009,NA,3,2,2,1,1,1,2,2,1,2,99,0,99,0,0,6,0,1,0,99,99,99,4,99,0,1,0,88,0,1,0,1,3,4
Sheen_etal,200,0.7910508488995711,0.1374255977863612,2009,NA,3,2,2,1,1,1,2,2,1,2,99,0,99,0,0,6,0,1,0,99,99,99,4,99,1,2,0,88,0,1,0,1,3,4
Sheen_etal,201,-1.1416346860586477,0.2982050012580568,2009,NA,0,2,2,1,1,1,2,2,1,2,99,0,99,0,0,6,0,1,0,99,99,99,4,99,0,1,0,88,0,1,0,1,4,4
Sheen_etal,202,-0.9534229015102753,0.31183967459884854,2009,NA,0,2,2,1,1,1,2,2,1,2,99,0,99,0,0,6,0,1,0,99,99,99,4,99,1,2,0,88,0,1,0,1,4,4
Sheen_etal,203,0.8472541781285714,0.16033130740460175,2009,NA,3,3,2,1,1,1,2,2,1,2,99,0,99,0,0,6,0,1,0,99,99,99,4,99,1,2,0,88,0,1,0,2,1,4
Sheen_etal,204,0.08773160346453124,0.11684505394653834,2009,NA,3,3,2,1,1,1,2,2,1,2,99,0,99,0,0,6,0,1,0,99,99,99,4,99,1,1,0,88,0,1,0,2,1,4
Sheen_etal,205,0.07540761404844565,0.22814904251925006,2009,NA,0,3,2,1,1,1,2,2,1,2,99,0,99,0,0,6,0,1,0,99,99,99,4,99,1,2,0,88,0,1,0,2,2,4
Sheen_etal,206,-0.6841149606155945,0.18466278906118663,2009,NA,0,3,2,1,1,1,2,2,1,2,99,0,99,0,0,6,0,1,0,99,99,99,4,99,1,1,0,88,0,1,0,2,2,4
Sheen_etal,207,0.45582682178238654,0.13892071528153344,2009,NA,3,3,2,1,1,1,2,2,1,2,99,0,99,0,0,6,0,1,0,99,99,99,4,99,0,1,0,88,0,1,0,2,3,4
Sheen_etal,208,0.38707676304071337,0.13864138879069823,2009,NA,3,3,2,1,1,1,2,2,1,2,99,0,99,0,0,6,0,1,0,99,99,99,4,99,1,2,0,88,0,1,0,2,3,4
Sheen_etal,209,-0.6391715263024809,0.25023146493934295,2009,NA,0,3,2,1,1,1,2,2,1,2,99,0,99,0,0,6,0,1,0,99,99,99,4,99,0,1,0,88,0,1,0,2,4,4
Sheen_etal,210,-0.707921585044154,0.24995213844850775,2009,NA,0,3,2,1,1,1,2,2,1,2,99,0,99,0,0,6,0,1,0,99,99,99,4,99,1,2,0,88,0,1,0,2,4,4
Shint_Ellis,211,1.2323605108877778,0.20059024117347596,2013,NA,0,2,1,0,1,1,2,2,1,99,99,1,1,1,0,5,1,1,0,99,0,99,1,99,1,2,3,88,1,1,0,1,1,1
Shint_Ellis,212,0.6011110731627137,0.13925998252149582,2013,NA,0,2,1,0,1,1,2,2,1,99,99,1,1,1,0,5,1,1,0,99,0,99,1,99,1,2,0,88,1,1,0,1,1,1
Shint_Ellis,213,0.051981817132747646,0.14073711242935866,2013,NA,0,2,1,0,1,1,2,2,1,99,99,1,1,1,0,5,1,1,0,99,0,99,1,99,1,2,3,88,1,1,0,2,1,1
Shint_Ellis,214,0.25095807694204414,0.13425638723153352,2013,NA,0,2,1,0,1,1,2,2,1,99,99,1,1,1,0,5,1,1,0,99,0,99,1,99,1,2,0,88,1,1,0,2,1,1
Sob_Taybi,215,0.24838848344409453,0.1402679888260609,2015,NA,0,2,1,99,0,2,3,99,1,99,99,0,0,1,1,5,0,1,0,99,99,0,4,99,0,0,1,88,1,99,0,1,1,1
Sob_Taybi,216,0.4192390529831379,0.14686352938869546,2015,NA,0,2,1,99,0,2,3,99,1,99,99,0,0,1,1,5,0,1,0,99,99,0,4,99,0,1,1,88,1,99,0,1,1,1
Stefan_Revesz,217,-0.4877347695606403,0.07496156792436706,2015,NA,3,1,2,0,1,2,1,1,1,99,99,1,1,0,0,7,1,0,0,99,0,99,4,99,1,2,0,88,99,2,0,1,1,2
Stefan_Revesz,218,0.12712681439585405,0.08447827862547322,2015,NA,3,1,2,0,1,2,1,1,1,99,99,1,1,0,0,7,1,0,0,99,0,99,4,99,1,2,8,88,99,2,0,1,1,2
Stefan_Revesz,219,2.0438834797359395,0.12116091376132282,2015,NA,3,1,2,0,1,2,1,1,1,99,99,1,1,0,0,7,1,0,0,99,0,99,4,99,1,2,0,88,99,2,0,1,2,2
Stefan_Revesz,220,1.8026304474214319,0.10753772327100546,2015,NA,3,1,2,0,1,2,1,1,1,99,99,1,1,0,0,7,1,0,0,99,0,99,4,99,1,2,8,88,99,2,0,1,2,2
Stefan_Revesz,221,-0.12598108655886328,0.07153053773536008,2015,NA,3,2,2,0,1,2,1,1,1,99,99,1,1,0,0,7,1,0,0,99,0,99,4,99,1,2,0,88,99,2,0,2,1,2
Stefan_Revesz,222,0.5082737789075147,0.08460350413702296,2015,NA,3,2,2,0,1,2,1,1,1,99,99,1,1,0,0,7,1,0,0,99,0,99,4,99,1,2,8,88,99,2,0,2,1,2
Stefan_Revesz,223,1.9731960496796552,0.12829978036531567,2015,NA,3,2,2,0,1,2,1,1,1,99,99,1,1,0,0,7,1,0,0,99,0,99,4,99,1,2,0,88,99,2,0,2,2,2
Stefan_Revesz,224,1.8589556262321794,0.12096140955856563,2015,NA,3,2,2,0,1,2,1,1,1,99,99,1,1,0,0,7,1,0,0,99,0,99,4,99,1,2,8,88,99,2,0,2,2,2
Sun,225,0.7362873570811226,0.2381642855019414,2013,NA,1,3,3,1,2,2,2,2,1,99,1,1,0,1,0,5,0,0,1,2,0,1,1,99,10,2,8,0,0,1,0,1,1,1
Sun,226,0.09491136872139794,0.1846951357750758,2013,NA,1,3,3,1,2,2,2,2,1,99,1,1,0,1,0,5,0,0,1,2,0,1,1,99,0,0,3,1,0,1,0,1,1,1
Tanveer.etal,227,1.775050018460343,0.32513460044997833,2018,NA,0,1,1,99,0,2,1,1,1,99,99,1,1,1,0,5,0,1,0,99,99,99,0,99,10,1,8,88,99,1,0,1,1,1
Tanveer.etal,228,1.7324003446805538,0.31800325649491007,2018,NA,0,1,1,99,0,2,1,1,1,99,99,1,1,1,0,5,0,1,0,99,99,99,0,99,10,1,3,88,99,1,0,1,1,1
Tanveer.etal,229,1.8307764224232352,0.3159601520011728,2018,NA,0,2,1,99,0,2,1,1,1,99,99,1,1,1,0,5,0,1,0,99,99,99,0,99,10,1,8,88,99,1,0,2,1,1
Tanveer.etal,230,1.3752402155857566,0.2681329945975003,2018,NA,0,2,1,99,0,2,1,1,1,99,99,1,1,1,0,5,0,1,0,99,99,99,0,99,10,1,3,88,99,1,0,2,1,1
Trscott_Hsu,231,-0.0827457874590729,0.11642279657780394,2008,NA,0,2,3,1,1,2,2,2,1,99,1,0,99,0,1,5,0,1,0,1,99,0,0,99,0,0,1,88,1,1,0,1,1,1
VanBe_Jng_Ken,232,-0.8911023404647546,0.14125447171680933,2008,NA,2,2,1,99,0,2,1,1,99,99,99,1,1,0,0,2,1,1,0,1,0,0,0,0,0,0,0,88,88,1,0,1,1,4
VanBe_Jng_Ken,233,0.24939887266213215,0.12747778912020663,2008,NA,2,2,1,99,0,2,1,1,99,99,99,1,1,0,0,2,1,1,0,1,0,0,0,0,0,0,2,1,88,1,0,1,1,4
VanBe_Jng_Ken,234,-1.3161183172407842,0.18202446639144562,2008,NA,0,2,1,99,0,2,1,1,99,99,99,1,1,0,0,2,1,1,0,1,0,0,0,0,0,0,0,88,88,1,0,1,2,4
VanBe_Jng_Ken,235,-0.17561710411389742,0.16824778379484295,2008,NA,0,2,1,99,0,2,1,1,99,99,99,1,1,0,0,2,1,1,0,1,0,0,0,0,0,0,2,1,88,1,0,1,2,4
VanBe_Jng_Ken,236,-1.0457147110273821,0.133741237397349,2008,NA,2,2,1,99,0,2,1,1,99,99,99,1,1,0,0,2,1,1,0,1,0,0,0,0,0,0,0,88,88,1,0,1,3,4
VanBe_Jng_Ken,237,-0.2850271441019067,0.12349093707072804,2008,NA,2,2,1,99,0,2,1,1,99,99,99,1,1,0,0,2,1,1,0,1,0,0,0,0,0,0,2,1,88,1,0,1,3,4
VanBe_Jng_Ken,238,-0.7674492067689558,0.14150589734633343,2008,NA,0,2,1,99,0,2,1,1,99,99,99,1,1,0,0,2,1,1,0,1,0,0,0,0,0,0,0,88,88,1,0,1,4,4
VanBe_Jng_Ken,239,-0.006761639843480341,0.13125559701971246,2008,NA,0,2,1,99,0,2,1,1,99,99,99,1,1,0,0,2,1,1,0,1,0,0,0,0,0,0,2,1,88,1,0,1,4,4
VanBe_Jng_KenA,240,0.5242099555472414,0.060266302579566916,2012,NA,2,2,1,99,1,2,1,1,77,99,99,1,1,1,1,2,1,1,0,1,0,0,0,0,0,0,0,88,88,1,0,1,1,2
VanBe_Jng_KenA,241,0.17692320764564173,0.06168581760003708,2012,NA,2,2,1,99,1,2,1,1,77,99,99,1,1,1,1,2,1,1,0,1,0,0,0,0,0,0,2,1,88,1,0,1,1,2
VanBe_Jng_KenA,242,0.6591252126013915,0.06400134321660816,2012,NA,0,2,1,99,1,2,1,1,77,99,99,1,1,1,1,2,1,1,0,1,0,0,0,0,0,0,0,88,88,1,0,1,2,2
VanBe_Jng_KenA,243,0.3118384646997918,0.06542085823707833,2012,NA,0,2,1,99,1,2,1,1,77,99,99,1,1,1,1,2,1,1,0,1,0,0,0,0,0,0,2,1,88,1,0,1,2,2
VanBe_Jng_KenA,244,0.8158038252426124,0.06436149612678049,2012,NA,2,3,1,99,1,2,1,1,77,99,99,1,1,1,1,2,1,1,0,1,0,0,0,0,0,0,0,88,88,1,0,2,1,2
VanBe_Jng_KenA,245,0.14419011687943425,0.06050374318917054,2012,NA,2,3,1,99,1,2,1,1,77,99,99,1,1,1,1,2,1,1,0,1,0,0,0,0,0,0,2,1,88,1,0,2,1,2
VanBe_Jng_KenA,246,1.1213801157426735,0.07005171512078767,2012,NA,0,3,1,99,1,2,1,1,77,99,99,1,1,1,1,2,1,1,0,1,0,0,0,0,0,0,0,88,88,1,0,2,2,2
VanBe_Jng_KenA,247,0.44976640737949547,0.06619396218317773,2012,NA,0,3,1,99,1,2,1,1,77,99,99,1,1,1,1,2,1,1,0,1,0,0,0,0,0,0,2,1,88,1,0,2,2,2
VanBe_Jng_KenB,248,0.6756235028570531,0.0627713152273994,2012,NA,2,2,1,99,1,2,1,1,77,99,99,1,1,1,1,2,1,1,0,1,0,0,0,0,0,0,0,88,88,1,0,1,1,2
VanBe_Jng_KenB,249,-0.05839380410006623,0.06329977270969823,2012,NA,2,2,1,99,1,2,1,1,77,99,99,1,1,1,1,2,1,1,0,1,0,0,0,0,0,0,2,1,88,1,0,1,1,2
VanBe_Jng_KenB,250,0.7822623843656757,0.06433772303734117,2012,NA,0,2,1,99,1,2,1,1,77,99,99,1,1,1,1,2,1,1,0,1,0,0,0,0,0,0,0,88,88,1,0,1,2,2
VanBe_Jng_KenB,251,0.048245077408556436,0.06486618051964001,2012,NA,0,2,1,99,1,2,1,1,77,99,99,1,1,1,1,2,1,1,0,1,0,0,0,0,0,0,2,1,88,1,0,1,2,2
VanBe_Jng_KenB,252,0.46687845963600905,0.06017435491614612,2012,NA,2,3,1,99,1,2,1,1,77,99,99,1,1,1,1,2,1,1,0,1,0,0,0,0,0,0,0,88,88,1,0,2,1,2
VanBe_Jng_KenB,253,-0.002359169684004625,0.0651463150701861,2012,NA,2,3,1,99,1,2,1,1,77,99,99,1,1,1,1,2,1,1,0,1,0,0,0,0,0,0,2,1,88,1,0,2,1,2
VanBe_Jng_KenB,254,0.48506504194473904,0.061156210906539894,2012,NA,0,3,1,99,1,2,1,1,77,99,99,1,1,1,1,2,1,1,0,1,0,0,0,0,0,0,0,88,88,1,0,2,2,2
VanBe_Jng_KenB,255,0.015827412624725368,0.06612817106057989,2012,NA,0,3,1,99,1,2,1,1,77,99,99,1,1,1,1,2,1,1,0,1,0,0,0,0,0,0,2,1,88,1,0,2,2,2
Wagner,256,0.4161490566503155,0.10499258628335237,2016,NA,1,3,3,1,2,2,1,1,2,0,99,0,0,0,0,2,0,1,0,2,0,99,4,1,0,0,2,1,1,1,0,1,1,1
Wang,257,0.6781530623028962,0.08130561818868326,2017,NA,1,3,3,0,0,2,2,2,99,99,99,0,0,0,0,2,0,1,0,3,2,99,0,99,0,0,1,88,1,1,0,1,1,1
Wang,258,0.5380784467417912,0.07659754481942599,2017,NA,1,3,3,0,0,2,2,2,99,99,99,0,0,0,0,2,0,1,0,3,2,99,0,99,0,0,0,88,1,1,0,1,1,1
Yu_Cheng,259,0.6004886727225137,0.07293948014476384,2017,NA,1,1,3,0,0,2,2,2,1,99,0,0,1,1,0,2,1,1,0,1,0,1,1,99,1,2,8,88,0,1,0,1,1,1
Yu_Cheng,260,0.3869610854798683,0.0713829147537923,2017,NA,1,2,3,0,0,2,2,2,1,99,0,0,1,1,0,2,1,1,0,1,0,1,1,99,1,2,8,88,0,1,0,2,1,1
Zhang,261,-0.8209663826993314,0.10232374508182918,2017,NA,0,2,2,2,1,2,2,2,1,99,99,1,1,1,0,2,1,1,0,2,2,1,0,99,0,0,0,88,1,2,0,1,1,1
Zhang,262,-0.7342464822395253,0.09690291184207295,2017,NA,0,3,2,2,1,2,2,2,1,99,99,1,1,1,0,2,1,1,0,2,2,1,0,99,0,0,0,88,1,2,0,2,1,1
